-- MySQL Script generated by MySQL Workbench
-- Thu Oct  9 13:34:14 2018
-- Model: New Model    Version: 1.0
-- MySQL Workbench Forward Engineering

SET @OLD_UNIQUE_CHECKS=@@UNIQUE_CHECKS, UNIQUE_CHECKS=0;
SET @OLD_FOREIGN_KEY_CHECKS=@@FOREIGN_KEY_CHECKS, FOREIGN_KEY_CHECKS=0;
SET @OLD_SQL_MODE=@@SQL_MODE, SQL_MODE='ONLY_FULL_GROUP_BY,STRICT_TRANS_TABLES,NO_ZERO_IN_DATE,NO_ZERO_DATE,ERROR_FOR_DIVISION_BY_ZERO,NO_ENGINE_SUBSTITUTION';

-- -----------------------------------------------------
-- Schema Training
-- -----------------------------------------------------

-- -----------------------------------------------------
-- Schema Training
-- -----------------------------------------------------
CREATE SCHEMA IF NOT EXISTS `Training` DEFAULT CHARACTER SET utf8 ;
USE `Training` ;

-- -----------------------------------------------------
-- Table `Training`.`Trainee`
-- -----------------------------------------------------
CREATE TABLE IF NOT EXISTS `Training`.`Trainee` (
  `trainee_id` INT(10) UNSIGNED NOT NULL,
  `name` VARCHAR(255) NOT NULL,
  `email` VARCHAR(255) NULL,
  PRIMARY KEY (`trainee_id`),
  UNIQUE INDEX `trainee_id_UNIQUE` (`trainee_id` ASC) VISIBLE)
ENGINE = InnoDB;


-- -----------------------------------------------------
-- Table `Training`.`Course`
-- -----------------------------------------------------
CREATE TABLE IF NOT EXISTS `Training`.`Course` (
  `course_id` INT(10) UNSIGNED NOT NULL,
  `name` VARCHAR(255) NOT NULL,
  `description` VARCHAR(255) NULL,
  PRIMARY KEY (`course_id`),
  UNIQUE INDEX `course_id_UNIQUE` (`course_id` ASC) VISIBLE)
ENGINE = InnoDB;


-- -----------------------------------------------------
-- Table `Training`.`History`
-- -----------------------------------------------------
CREATE TABLE IF NOT EXISTS `Training`.`History` (
  `history_id` INT(10) UNSIGNED NOT NULL,
  `start` INT(11) NOT NULL,
  `end` INT(11) NOT NULL,
  `status` TINYINT(4) NOT NULL,
  `course_id` INT(10) UNSIGNED NOT NULL,
  `trainee_id` INT(10) UNSIGNED NOT NULL,
  PRIMARY KEY (`history_id`),
  UNIQUE INDEX `history_id_UNIQUE` (`history_id` ASC) VISIBLE,
  INDEX `fk_History_Course_idx` (`course_id` ASC) VISIBLE,
  INDEX `fk_History_Trainee1_idx` (`trainee_id` ASC) VISIBLE,
  CONSTRAINT `fk_History_Course`
    FOREIGN KEY (`course_id`)
    REFERENCES `Training`.`Course` (`course_id`)
    ON DELETE NO ACTION
    ON UPDATE NO ACTION,
  CONSTRAINT `fk_History_Trainee1`
    FOREIGN KEY (`trainee_id`)
    REFERENCES `Training`.`Trainee` (`trainee_id`)
    ON DELETE NO ACTION
    ON UPDATE NO ACTION)
ENGINE = InnoDB;


SET SQL_MODE=@OLD_SQL_MODE;
SET FOREIGN_KEY_CHECKS=@OLD_FOREIGN_KEY_CHECKS;
SET UNIQUE_CHECKS=@OLD_UNIQUE_CHECKS;

-- -----------------------------------------------------
-- Data for table `Training`.`Trainee`
-- -----------------------------------------------------
START TRANSACTION;
USE `Training`;
INSERT INTO `Training`.`Trainee` (`trainee_id`, `name`, `email`) VALUES (0, 'Nikita', 'nick@mail.ru');
INSERT INTO `Training`.`Trainee` (`trainee_id`, `name`, `email`) VALUES (1, 'Alex', 'alex@gmail.com');
INSERT INTO `Training`.`Trainee` (`trainee_id`, `name`, `email`) VALUES (2, 'Kate', 'kate96@rambler.ru');
INSERT INTO `Training`.`Trainee` (`trainee_id`, `name`, `email`) VALUES (3, 'Nastya', 'nastya@hotmail.com');
INSERT INTO `Training`.`Trainee` (`trainee_id`, `name`, `email`) VALUES (4, 'Sergey', 'superserg@yandex.ru');

COMMIT;


-- -----------------------------------------------------
-- Data for table `Training`.`Course`
-- -----------------------------------------------------
START TRANSACTION;
USE `Training`;
INSERT INTO `Training`.`Course` (`course_id`, `name`, `description`) VALUES (0, 'HTML', 'HyperText Markup Language course');
INSERT INTO `Training`.`Course` (`course_id`, `name`, `description`) VALUES (1, 'CSS', 'Cascading Style Sheets course');
INSERT INTO `Training`.`Course` (`course_id`, `name`, `description`) VALUES (2, 'JS', 'JavaScript course');
INSERT INTO `Training`.`Course` (`course_id`, `name`, `description`) VALUES (3, 'PHP', 'PHP: Hypertext Preprocessor course');
INSERT INTO `Training`.`Course` (`course_id`, `name`, `description`) VALUES (4, 'SQL', 'Structured query language course');

COMMIT;


-- -----------------------------------------------------
-- Data for table `Training`.`History`
-- -----------------------------------------------------
START TRANSACTION;
USE `Training`;
INSERT INTO `Training`.`History` (`history_id`, `start`, `end`, `status`, `course_id`, `trainee_id`) VALUES (0, 1525327200, 1540274400, 0, 0, 1);
INSERT INTO `Training`.`History` (`history_id`, `start`, `end`, `status`, `course_id`, `trainee_id`) VALUES (1, 1524204000, 1538373600, 1, 1, 0);
INSERT INTO `Training`.`History` (`history_id`, `start`, `end`, `status`, `course_id`, `trainee_id`) VALUES (2, 1451628000, 1473400800, 0, 1, 2);
INSERT INTO `Training`.`History` (`history_id`, `start`, `end`, `status`, `course_id`, `trainee_id`) VALUES (3, 1514786400, 1539151200, 1, 1, 2);
INSERT INTO `Training`.`History` (`history_id`, `start`, `end`, `status`, `course_id`, `trainee_id`) VALUES (4, 1533103200, 1540879200, 1, 2, 3);
INSERT INTO `Training`.`History` (`history_id`, `start`, `end`, `status`, `course_id`, `trainee_id`) VALUES (5, 1533103200, 1538460000, 0, 2, 4);
INSERT INTO `Training`.`History` (`history_id`, `start`, `end`, `status`, `course_id`, `trainee_id`) VALUES (6, 1525154400, 1536559200, 1, 3, 0);
INSERT INTO `Training`.`History` (`history_id`, `start`, `end`, `status`, `course_id`, `trainee_id`) VALUES (7, 1525154400, 1536472800, 0, 3, 1);
INSERT INTO `Training`.`History` (`history_id`, `start`, `end`, `status`, `course_id`, `trainee_id`) VALUES (8, 1525154400, 1540015200, 1, 3, 2);
INSERT INTO `Training`.`History` (`history_id`, `start`, `end`, `status`, `course_id`, `trainee_id`) VALUES (9, 1525759200, 1540879200, 1, 3, 3);
INSERT INTO `Training`.`History` (`history_id`, `start`, `end`, `status`, `course_id`, `trainee_id`) VALUES (10, 1525932000, 1527660000, 0, 3, 4);
INSERT INTO `Training`.`History` (`history_id`, `start`, `end`, `status`, `course_id`, `trainee_id`) VALUES (11, 1528610400, 1538373600, 1, 3, 4);
INSERT INTO `Training`.`History` (`history_id`, `start`, `end`, `status`, `course_id`, `trainee_id`) VALUES (12, 1536559200, 1538287200, 1, 3, 1);

COMMIT;

